channel_number,name,group_title,country,tvg_id,tvg_logo,url,https,resolution,score,has_epg,http_user_agent,http_referrer
001,ABC Weather in 90 Seconds,Australia,Australia,mjh-abc-90-seconds-weather,https://live-production.wcms.abc-cdn.net.au/d376e49724862f104d044ff6467f85d8?impolicy=wcms_crop_resize&cropH=630&cropW=1119&xPos=10&yPos=0&width=862&height=485,https://c.mjh.nz/weather_in_90_seconds,yes,unknown,200,yes,otg/1.5.1 (AppleTv Apple TV 4; tvOS16.0; appletv.client) libcurl/7.58.0 OpenSSL/1.0.2o zlib/1.2.11 clib/1.8.56,
002,ABC TV,Australia,Australia,mjh-abc-nsw,https://i.mjh.nz/.images/abc-nsw.png,https://c.mjh.nz/abc-nsw.m3u8,yes,unknown,200,yes,otg/1.5.1 (AppleTv Apple TV 4; tvOS16.0; appletv.client) libcurl/7.58.0 OpenSSL/1.0.2o zlib/1.2.11 clib/1.8.56,
003,ABC News in 90 Seconds,Australia,Australia,mjh-abc-90-seconds-news,https://live-production.wcms.abc-cdn.net.au/144a0dacebeb9f616c1fcd637e3b2cf2?impolicy=wcms_crop_resize&cropH=630&cropW=1119&xPos=10&yPos=0&width=862&height=485,https://c.mjh.nz/news_in_90_seconds,yes,unknown,200,yes,otg/1.5.1 (AppleTv Apple TV 4; tvOS16.0; appletv.client) libcurl/7.58.0 OpenSSL/1.0.2o zlib/1.2.11 clib/1.8.56,
004,ABC Sport in 90 Seconds,Australia,Australia,mjh-abc-90-seconds-sport,https://live-production.wcms.abc-cdn.net.au/646cb8a032c847ec21c3de0de881e4cb?impolicy=wcms_crop_resize&cropH=630&cropW=1119&xPos=10&yPos=0&width=862&height=485,https://c.mjh.nz/sport_in_90_seconds,yes,unknown,200,yes,otg/1.5.1 (AppleTv Apple TV 4; tvOS16.0; appletv.client) libcurl/7.58.0 OpenSSL/1.0.2o zlib/1.2.11 clib/1.8.56,
005,ABC Business in 90 Seconds,Australia,Australia,mjh-abc-90-seconds-business,https://live-production.wcms.abc-cdn.net.au/ae76d32898cca0be596b7f23c1bd41f2?impolicy=wcms_crop_resize&cropH=630&cropW=1119&xPos=10&yPos=0&width=862&height=485,https://c.mjh.nz/business_in_90_seconds,yes,unknown,200,yes,otg/1.5.1 (AppleTv Apple TV 4; tvOS16.0; appletv.client) libcurl/7.58.0 OpenSSL/1.0.2o zlib/1.2.11 clib/1.8.56,
006,Seinfeld,Australia,Australia,mjh-seinfeld-fast,https://imageresizer.static9.net.au/yKlUxIHgYC5cpCmL1DYpRCQ6w4o=/768x0/https%3A%2F%2Fvms-tv-images-prod.s3-ap-southeast-2.amazonaws.com%2F2024%2F04%2F585342%2Fgroup-61657.png,https://i.mjh.nz/.r/seinfeld-fast.m3u8,yes,unknown,200,yes,otg/1.5.1 (AppleTv Apple TV 4; tvOS16.0; appletv.client) libcurl/7.58.0 OpenSSL/1.0.2o zlib/1.2.11 clib/1.8.56,
007,Seven,Australia,Australia,mjh-seven-syd,https://i.mjh.nz/.images/auto-seven-syd-9608a4.png,https://i.mjh.nz/.r/seven-syd.m3u8,yes,unknown,200,yes,otg/1.5.1 (AppleTv Apple TV 4; tvOS16.0; appletv.client) libcurl/7.58.0 OpenSSL/1.0.2o zlib/1.2.11 clib/1.8.56,
009,Channel 9,Australia,Australia,mjh-channel-9-nsw,https://imageresizer.static9.net.au/lx1XIWcrYZRtnfJOqvxNn9CshDI=/768x0/https%3A%2F%2Fvms-tv-images-prod.s3-ap-southeast-2.amazonaws.com%2F2024%2F09%2F630608%2F9nine-1.png,https://i.mjh.nz/.r/channel-9-nsw.m3u8,yes,unknown,200,yes,otg/1.5.1 (AppleTv Apple TV 4; tvOS16.0; appletv.client) libcurl/7.58.0 OpenSSL/1.0.2o zlib/1.2.11 clib/1.8.56,
010,10,Australia,Australia,mjh-10-nsw,https://10play.com.au/ip/s3/2025/06/25/b18ae76555d114f7bfaf1c3bfa43dd3f-1384577.png,https://i.mjh.nz/.r/10-nsw.m3u8,yes,unknown,200,yes,otg/1.5.1 (AppleTv Apple TV 4; tvOS16.0; appletv.client) libcurl/7.58.0 OpenSSL/1.0.2o zlib/1.2.11 clib/1.8.56,
011,10 Comedy,Australia,Australia,mjh-10peach-nsw,https://10play.com.au/ip/s3/2025/06/25/443fa2a5bca1191f12efa002a2a8ef85-1384586.png,https://i.mjh.nz/.r/10peach-nsw.m3u8,yes,unknown,200,yes,otg/1.5.1 (AppleTv Apple TV 4; tvOS16.0; appletv.client) libcurl/7.58.0 OpenSSL/1.0.2o zlib/1.2.11 clib/1.8.56,
012,10 Drama,Australia,Australia,mjh-10bold-nsw,https://10play.com.au/ip/s3/2025/06/25/66c9f2639a7bca4a6691764a0db801d7-1384581.png,https://i.mjh.nz/.r/10bold-nsw.m3u8,yes,unknown,200,yes,otg/1.5.1 (AppleTv Apple TV 4; tvOS16.0; appletv.client) libcurl/7.58.0 OpenSSL/1.0.2o zlib/1.2.11 clib/1.8.56,
013,Nickelodeon,Australia,Australia,mjh-10shake-nsw,https://10play.com.au/ip/s3/2023/07/31/dc4873abc5ba0fde04b59a78c89e0943-1252731.png,https://i.mjh.nz/.r/10shake-nsw.m3u8,yes,unknown,200,yes,otg/1.5.1 (AppleTv Apple TV 4; tvOS16.0; appletv.client) libcurl/7.58.0 OpenSSL/1.0.2o zlib/1.2.11 clib/1.8.56,
014,Nick Jr Club,Australia,Australia,mjh-10-nick-jr,https://10.com.au/ip/s3/2024/06/06/d14509f218578984e3a6f6f34f0ee12c-1319009.png?image-profile=logo,https://i.mjh.nz/.r/10-nick-jr.m3u8,yes,unknown,200,yes,otg/1.5.1 (AppleTv Apple TV 4; tvOS16.0; appletv.client) libcurl/7.58.0 OpenSSL/1.0.2o zlib/1.2.11 clib/1.8.56,
015,10 Bold Adelaide,Comedy & Lifestyle,Australia,10Bold.au@Sydney,https://i.imgur.com/2xglh33.png,https://dce3793146fef017.mediapackage.us-west-2.amazonaws.com/out/v1/55cdf73af7894775ba6de8f57482b66a/CMAF_HLS/index.m3u8,yes,1080p,195,yes,,
016,NickToons,Australia,Australia,mjh-10-nicktoons,https://10.com.au/ip/s3/2024/06/04/f2f7c4166d8450351c2ae5d8b28c769e-1318512.png?image-profile=logo,https://i.mjh.nz/.r/10-nicktoons.m3u8,yes,unknown,200,yes,otg/1.5.1 (AppleTv Apple TV 4; tvOS16.0; appletv.client) libcurl/7.58.0 OpenSSL/1.0.2o zlib/1.2.11 clib/1.8.56,
017,NickToons 90s,Australia,Australia,mjh-10-nicktoons-90s,https://10.com.au/ip/s3/2024/06/07/a1aaf63737e7d2076759dd850b58471a-1319376.png?image-profile=logo,https://i.mjh.nz/.r/10-nicktoons-90s.m3u8,yes,unknown,200,yes,otg/1.5.1 (AppleTv Apple TV 4; tvOS16.0; appletv.client) libcurl/7.58.0 OpenSSL/1.0.2o zlib/1.2.11 clib/1.8.56,
018,NickTeen,Australia,Australia,mjh-10-nickteen,https://10.com.au/ip/s3/2024/06/04/ecc540be818b29d753e036e046028a27-1318595.png?image-profile=logo,https://i.mjh.nz/.r/10-nickteen.m3u8,yes,unknown,200,yes,otg/1.5.1 (AppleTv Apple TV 4; tvOS16.0; appletv.client) libcurl/7.58.0 OpenSSL/1.0.2o zlib/1.2.11 clib/1.8.56,
019,ABC Entertains,Australia,Australia,mjh-abc-me,https://cdn.iview.abc.net.au/thumbs/256/6_Entertains_C-1054_iview_LivestreamOn_2000x2000_new.png,https://c.mjh.nz/abc-me.m3u8,yes,unknown,200,yes,otg/1.5.1 (AppleTv Apple TV 4; tvOS16.0; appletv.client) libcurl/7.58.0 OpenSSL/1.0.2o zlib/1.2.11 clib/1.8.56,
020,ausbiz,Australia,Australia,mjh-ausbiz-fast,https://i.mjh.nz/.images/auto-ausbiz-fast-b12203.png,https://i.mjh.nz/.r/ausbiz-fast.m3u8,yes,unknown,200,yes,otg/1.5.1 (AppleTv Apple TV 4; tvOS16.0; appletv.client) libcurl/7.58.0 OpenSSL/1.0.2o zlib/1.2.11 clib/1.8.56,
021,ABC Family,Australia,Australia,mjh-abc-tv-plus,https://cdn.iview.abc.net.au/thumbs/256/7_Family_C-1053_iview_LivestreamOff_2000x2000_new.png,https://c.mjh.nz/abc-tv-plus.m3u8,yes,unknown,200,yes,otg/1.5.1 (AppleTv Apple TV 4; tvOS16.0; appletv.client) libcurl/7.58.0 OpenSSL/1.0.2o zlib/1.2.11 clib/1.8.56,
022,ABC Kids,Australia,Australia,mjh-abc-kids,https://i.mjh.nz/.images/abc-kids.png,https://c.mjh.nz/abc-kids.m3u8,yes,unknown,200,yes,otg/1.5.1 (AppleTv Apple TV 4; tvOS16.0; appletv.client) libcurl/7.58.0 OpenSSL/1.0.2o zlib/1.2.11 clib/1.8.56,
024,ABC NEWS,Australia,Australia,mjh-abc-news,https://i.mjh.nz/.images/abc-news.png,https://c.mjh.nz/abc-news.m3u8,yes,unknown,200,yes,otg/1.5.1 (AppleTv Apple TV 4; tvOS16.0; appletv.client) libcurl/7.58.0 OpenSSL/1.0.2o zlib/1.2.11 clib/1.8.56,
025,Euronews English,News & Weather,fr,EuronewsEnglish.fr@SD,https://jiotvimages.cdn.jio.com/dare_images/images/Euro_News.png,https://jmp2.uk/plu-61de96114757070008d33cae.m3u8,yes,720p,185,yes,,
026,Bloomberg TV,Australia,Australia,mjh-bloomberg-tv,https://i.mjh.nz/.images/bloomberg-tv.png,https://i.mjh.nz/.r/bloomberg-tv.m3u8,yes,unknown,200,yes,otg/1.5.1 (AppleTv Apple TV 4; tvOS16.0; appletv.client) libcurl/7.58.0 OpenSSL/1.0.2o zlib/1.2.11 clib/1.8.56,
027,France 24 English,News & Weather,fr,France24.fr@English,https://xstreamcp-assets-msp.streamready.in/assets/LIVETV/LIVECHANNEL/LIVETV_LIVETVCHANNEL_FRANCE_24/images/LOGO_HD/image.png,https://live.france24.com/hls/live/2037218-b/F24_EN_HI_HLS/master_5000.m3u8,yes,1080p,195,yes,,
028,euronews,Australia,Australia,mjh-sbs-euronews,https://image.pr.sbsod.com/60e599d9-82ed-5eac-b51c-7c23a9bb0c55,https://i.mjh.nz/.r/sbs-euronews.m3u8,yes,unknown,200,yes,otg/1.5.1 (AppleTv Apple TV 4; tvOS16.0; appletv.client) libcurl/7.58.0 OpenSSL/1.0.2o zlib/1.2.11 clib/1.8.56,
029,DW English,International,International,mjh-dw-news,https://www.dw.com/images/icons/favicon-540x540.png,https://i.mjh.nz/.r/dw-news.m3u8,yes,unknown,200,yes,otg/1.5.1 (AppleTv Apple TV 4; tvOS16.0; appletv.client) libcurl/7.58.0 OpenSSL/1.0.2o zlib/1.2.11 clib/1.8.56,
030,SBS,Australia,Australia,mjh-sbs-sbst,https://image.pr.sbsod.com/b073959a-a63e-5b6a-a05a-157d615a4b8c,https://i.mjh.nz/.r/sbs-sbst.m3u8,yes,unknown,200,yes,otg/1.5.1 (AppleTv Apple TV 4; tvOS16.0; appletv.client) libcurl/7.58.0 OpenSSL/1.0.2o zlib/1.2.11 clib/1.8.56,
031,SBS VICELAND,Australia,Australia,mjh-sbs-2syd,https://image.pr.sbsod.com/22f3c441-e7fd-565e-96bc-39b881c39500,https://i.mjh.nz/.r/sbs-2syd.m3u8,yes,unknown,200,yes,otg/1.5.1 (AppleTv Apple TV 4; tvOS16.0; appletv.client) libcurl/7.58.0 OpenSSL/1.0.2o zlib/1.2.11 clib/1.8.56,
032,SBS World Movies,Australia,Australia,mjh-sbs-4syd,https://image.pr.sbsod.com/cc42ae9e-0e64-5bc3-8c71-6f23f42610fb,https://i.mjh.nz/.r/sbs-4syd.m3u8,yes,unknown,200,yes,otg/1.5.1 (AppleTv Apple TV 4; tvOS16.0; appletv.client) libcurl/7.58.0 OpenSSL/1.0.2o zlib/1.2.11 clib/1.8.56,
033,SBS Food,Australia,Australia,mjh-sbs-3syd,https://image.pr.sbsod.com/336c48bb-129d-5348-9d2f-63ab4fe6d493,https://i.mjh.nz/.r/sbs-3syd.m3u8,yes,unknown,200,yes,otg/1.5.1 (AppleTv Apple TV 4; tvOS16.0; appletv.client) libcurl/7.58.0 OpenSSL/1.0.2o zlib/1.2.11 clib/1.8.56,
034,NITV,Australia,Australia,mjh-sbs-5nsw,https://image.pr.sbsod.com/00ff96cd-68c3-5219-b792-c0c2faec1fe6,https://i.mjh.nz/.r/sbs-5nsw.m3u8,yes,unknown,200,yes,otg/1.5.1 (AppleTv Apple TV 4; tvOS16.0; appletv.client) libcurl/7.58.0 OpenSSL/1.0.2o zlib/1.2.11 clib/1.8.56,
035,SBS WorldWatch,Australia,Australia,mjh-sbs-6nat,https://image.pr.sbsod.com/ca2194b7-6b91-58b3-a731-e0b7f04d9555,https://i.mjh.nz/.r/sbs-6nat.m3u8,yes,unknown,200,yes,otg/1.5.1 (AppleTv Apple TV 4; tvOS16.0; appletv.client) libcurl/7.58.0 OpenSSL/1.0.2o zlib/1.2.11 clib/1.8.56,
036,Fox News International,News & Weather,United States,FoxNewsInternational.us@SD,https://upload.wikimedia.org/wikipedia/commons/thumb/6/67/Fox_News_Channel_logo.svg/960px-Fox_News_Channel_logo.svg.png,https://gpuserver3.tier1streams.com/FOX/index.m3u8,yes,720p,185,yes,,
037,CBS News 24/7,News & Weather,United States,CBSNews247.us@SD,https://upload.wikimedia.org/wikipedia/commons/thumb/b/b0/CBS_News_247_logo.svg/960px-CBS_News_247_logo.svg.png,https://jmp2.uk/plu-6350fdd266e9ea0007bedec5.m3u8,yes,720p,185,yes,,
038,CNN Headlines International,New Zealand,New Zealand,mjh-sky-ptcn,https://contentful-images.digital.skyone.co.nz/v3/hf0kmuqe0d45/5xPXSNCtJNBngNLKZBGLXU/d3fa23fd249dd7c195fe69df9a49961a/Logo_Images_-_default.png,https://i.mjh.nz/.r/sky-ptcn.m3u8,yes,unknown,200,yes,otg/1.5.1 (AppleTv Apple TV 4; tvOS16.0; appletv.client) libcurl/7.58.0 OpenSSL/1.0.2o zlib/1.2.11 clib/1.8.56,
039,CityNews Vancouver,News & Weather,Canada,CityNewsVancouver.ca@SD,https://m.media-amazon.com/images/I/51Icdznow+L.png,https://citynewsregional.akamaized.net/hls/live/1024054/Regional_Live_9/master.m3u8,yes,720p,185,yes,,
040,BBC News,Australia,Australia,mjh-bbc-news-fast,https://imageresizer.static9.net.au/85c0UKHMSSRPXJ2MJ2PXqvUcXok=/768x0/https%3A%2F%2Fvms-tv-images-prod.s3-ap-southeast-2.amazonaws.com%2F2026%2F03%2F763537%2Fbbc_squircle.png,https://i.mjh.nz/.r/bbc-news-fast.m3u8,yes,unknown,200,yes,otg/1.5.1 (AppleTv Apple TV 4; tvOS16.0; appletv.client) libcurl/7.58.0 OpenSSL/1.0.2o zlib/1.2.11 clib/1.8.56,
041,Have You Been Paying Attention?,Australia,Australia,mjh-10-haveyoubeenpayingattention,https://10.com.au/ip/s3/2024/12/17/20963e84ceedc64212b60c21c883e5c4-1356262.png?image-profile=logo,https://i.mjh.nz/.r/10-haveyoubeenpayingattention.m3u8,yes,unknown,200,yes,otg/1.5.1 (AppleTv Apple TV 4; tvOS16.0; appletv.client) libcurl/7.58.0 OpenSSL/1.0.2o zlib/1.2.11 clib/1.8.56,
042,The Block 24/7,Australia,Australia,mjh-the-block-247-fast,https://imageresizer.static9.net.au/Mj-NaVq7oZgtzt2bf55lkLIfyuQ=/768x0/https%3A%2F%2Fvms-tv-images-prod.s3-ap-southeast-2.amazonaws.com%2F2024%2F08%2F623508%2Ftheblock_squircle.png,https://i.mjh.nz/.r/the-block-247-fast.m3u8,yes,unknown,200,yes,otg/1.5.1 (AppleTv Apple TV 4; tvOS16.0; appletv.client) libcurl/7.58.0 OpenSSL/1.0.2o zlib/1.2.11 clib/1.8.56,
043,Outback Truckers,Australia,Australia,mjh-outbacktruckers-fast,https://i.mjh.nz/.images/auto-outbacktruckers-fast-332b21.png,https://i.mjh.nz/.r/outbacktruckers-fast.m3u8,yes,unknown,200,yes,otg/1.5.1 (AppleTv Apple TV 4; tvOS16.0; appletv.client) libcurl/7.58.0 OpenSSL/1.0.2o zlib/1.2.11 clib/1.8.56,
044,Thank God You're Here,Australia,Australia,mjh-10-thankgodyourehere,https://10.com.au/ip/s3/2025/08/19/9cde4af8ad28a81defc2e020775ff74f-1390978.png?image-profile=logo,https://i.mjh.nz/.r/10-thankgodyourehere.m3u8,yes,unknown,200,yes,otg/1.5.1 (AppleTv Apple TV 4; tvOS16.0; appletv.client) libcurl/7.58.0 OpenSSL/1.0.2o zlib/1.2.11 clib/1.8.56,
045,Bondi Vet,Australia,Australia,mjh-cas24-fast,https://i.mjh.nz/.images/auto-cas24-fast-b9e819.png,https://i.mjh.nz/.r/cas24-fast.m3u8,yes,unknown,200,yes,otg/1.5.1 (AppleTv Apple TV 4; tvOS16.0; appletv.client) libcurl/7.58.0 OpenSSL/1.0.2o zlib/1.2.11 clib/1.8.56,
046,Bondi Rescue,Australia,Australia,mjh-cas41-fast,https://i.mjh.nz/.images/auto-cas41-fast-a6b151.png,https://i.mjh.nz/.r/cas41-fast.m3u8,yes,unknown,200,yes,otg/1.5.1 (AppleTv Apple TV 4; tvOS16.0; appletv.client) libcurl/7.58.0 OpenSSL/1.0.2o zlib/1.2.11 clib/1.8.56,
047,Real Emergency,Australia,Australia,mjh-real-emergency-fast,https://imageresizer.static9.net.au/mEHWZZQZMecm6LaCcdOvOqgSn0Q=/768x0/https%3A%2F%2Fvms-tv-images-prod.s3-ap-southeast-2.amazonaws.com%2F2025%2F10%2F726130%2Frealemergencysquircle.png,https://i.mjh.nz/.r/real-emergency-fast.m3u8,yes,unknown,200,yes,otg/1.5.1 (AppleTv Apple TV 4; tvOS16.0; appletv.client) libcurl/7.58.0 OpenSSL/1.0.2o zlib/1.2.11 clib/1.8.56,
048,Medical Emergency,Australia,Australia,mjh-10-medical-emergency,https://10.com.au/ip/s3/2023/06/28/115b6796134f1e983f41c224c31cc7c9-1246084.png?image-profile=logo,https://i.mjh.nz/.r/10-medical-emergency.m3u8,yes,unknown,200,yes,otg/1.5.1 (AppleTv Apple TV 4; tvOS16.0; appletv.client) libcurl/7.58.0 OpenSSL/1.0.2o zlib/1.2.11 clib/1.8.56,
049,60 Minutes Australia,Australia,Australia,mjh-60-minutes-australia-fast,https://imageresizer.static9.net.au/kufGcZyXI7lNm32WrMV86xPNAnk=/768x0/https%3A%2F%2Fvms-tv-images-prod.s3-ap-southeast-2.amazonaws.com%2F2024%2F04%2F585173%2Fsquircle_60mins.png,https://i.mjh.nz/.r/60-minutes-australia-fast.m3u8,yes,unknown,200,yes,otg/1.5.1 (AppleTv Apple TV 4; tvOS16.0; appletv.client) libcurl/7.58.0 OpenSSL/1.0.2o zlib/1.2.11 clib/1.8.56,
050,The Cheap Seats,Australia,Australia,mjh-10-cheapseats,https://10.com.au/ip/s3/2025/08/08/47006754904d1d36520e76157ecbfb41-1390280.png?image-profile=logo,https://i.mjh.nz/.r/10-cheapseats.m3u8,yes,unknown,200,yes,otg/1.5.1 (AppleTv Apple TV 4; tvOS16.0; appletv.client) libcurl/7.58.0 OpenSSL/1.0.2o zlib/1.2.11 clib/1.8.56,
051,CSI,Drama & Series,United States,CSI.us@SD,https://i.imgur.com/xLLNEfA.png,https://jmp2.uk/plu-5efbd29e4aa26700076c0d06.m3u8,yes,unknown,170,yes,,
052,CSI: Miami,Drama & Series,United States,CSIMiami.us@SD,https://images.pluto.tv/channels/63eb9c5351f5d000085e8d7e/colorLogoPNG.png,https://jmp2.uk/plu-62f54c11b3af68000702c304.m3u8,yes,unknown,170,yes,,
053,CSI: NY,Drama & Series,United States,CSINY.us@SD,https://images.pluto.tv/channels/62f54c6439183b000769fb8f/colorLogoPNG_1731837277521.png,https://jmp2.uk/plu-62f54c6439183b000769fb8f.m3u8,yes,unknown,170,yes,,
054,NCIS,Australia,Australia,mjh-ncis-fast,https://i.mjh.nz/.images/auto-ncis-fast-6f82bd.png,https://i.mjh.nz/.r/ncis-fast.m3u8,yes,unknown,200,yes,otg/1.5.1 (AppleTv Apple TV 4; tvOS16.0; appletv.client) libcurl/7.58.0 OpenSSL/1.0.2o zlib/1.2.11 clib/1.8.56,
055,JAG,Drama & Series,United States,JAG.us@CA,https://images.pluto.tv/channels/66a105f4a79dea0008aa5e0f/colorLogoPNG.png,https://jmp2.uk/plu-66a105f4a79dea0008aa5e0f.m3u8,yes,unknown,170,yes,,
056,Family Ties,Drama & Series,United States,FamilyTies.us@SD,https://i.imgur.com/WJEkKCb.png,https://jmp2.uk/plu-5f77939a630f530007dde654.m3u8,yes,unknown,170,yes,,
057,Cheers,Drama & Series,United States,Cheers.us@CA,https://images.pluto.tv/channels/62bdb7f0db2eb30007376d4d/colorLogoPNG.png,https://jmp2.uk/plu-62bdb7f0db2eb30007376d4d.m3u8,yes,unknown,170,yes,,
058,Cheers + Frasier,Comedy & Lifestyle,United States,CheersPlusFrasier.us@SD,https://images.pluto.tv/channels/66ba495ffe11e5000881f049/colorLogoPNG.png,https://jmp2.uk/plu-66ba495ffe11e5000881f049.m3u8,yes,unknown,170,yes,,
059,90's Kids,Kids & Family,United States,90sKids.us@SD,https://images.pluto.tv/channels/6452c814939a590008567a3b/colorLogoPNG_1731836283044.png,https://jmp2.uk/plu-6452c814939a590008567a3b.m3u8,yes,unknown,170,yes,,
060,90s Kids TV 2,Kids & Family,United States,90sKidsTV2.us@SD,https://images.pluto.tv/channels/6452c77ed3fdde00080eb3a8/colorLogoPNG.png,https://jmp2.uk/plu-6452c77ed3fdde00080eb3a8.m3u8,yes,unknown,170,yes,,
061,Nick Jr.,Kids & Family,United States,NickJr.us@East,https://i.imgur.com/KT4tdQs.png,http://40.160.24.55/NICK_JR/index.m3u8,no,1080p,175,yes,,
062,Nick Jr. Pluto TV,Kids & Family,United States,NickJrPlutoTV.us@US,https://images.pluto.tv/channels/62bdb75c3afd1200079146a6/colorLogoPNG.png,https://jmp2.uk/plu-5ca6748a37b88b269472dad9.m3u8,yes,720p,185,yes,,
063,Peppa Pig,Kids & Family,United States,PeppaPig.us@SD,https://images.pluto.tv/channels/5d14fb6c84dd37df3b4290c5/colorLogoPNG_1730733871298.png,https://jmp2.uk/plu-5d14fb6c84dd37df3b4290c5.m3u8,yes,unknown,170,yes,,
064,Sonic TV,Kids & Family,United States,SonicTV.us@SD,https://i.imgur.com/TKhRlrR.png,https://stream-us-east-1.getpublica.com/playlist.m3u8?network_id=16764,yes,720p,185,yes,,
065,America's Funniest Home Videos,Comedy & Lifestyle,United States,AFV.us@SD,https://i.imgur.com/TOB9vmW.png,https://d1mp1kdk5zi1ie.cloudfront.net/playlist.m3u8,yes,1080p,195,yes,,
066,Totally Turtles,Kids & Family,United States,TotallyTurtles.us@CA,https://images.pluto.tv/channels/62e95265c9fd030007268fb9/colorLogoPNG.png,https://jmp2.uk/plu-62e95265c9fd030007268fb9.m3u8,yes,720p,185,yes,,
067,Disney Channel,Kids & Family,United States,DisneyChannel.us@East,https://upload.wikimedia.org/wikipedia/commons/f/ff/2024_Disney_Channel_text_logo.svg,http://206.212.244.63/650/index.m3u8,no,720p,165,yes,,
068,Disney Channel West,Kids & Family,United States,DisneyChannel.us@West,https://upload.wikimedia.org/wikipedia/commons/f/ff/2024_Disney_Channel_text_logo.svg,http://206.212.244.63/3146/index.m3u8,no,720p,165,yes,,
069,Disney International,Kids & Family,in,DisneyInternationalHD.in@SD,https://xstreamcp-assets-msp.streamready.in/assets/LIVETV/LIVECHANNEL/LIVETV_LIVETVCHANNEL_DISNEY_INTERNATIONAL_HD/images/LOGO_HD/image.png,http://149.71.34.166:8002/play/a01p/index.m3u8,no,1080p,175,yes,,
070,Disney Junior,Kids & Family,United States,DisneyJunior.us@East,https://upload.wikimedia.org/wikipedia/commons/e/e3/2024_Disney_Jr._Logo.svg,http://23.237.104.106:8080/USA_DISNEY_JUNIOR/index.m3u8,no,720p,165,yes,,
071,Disney Junior West,Kids & Family,United States,DisneyJunior.us@West,https://upload.wikimedia.org/wikipedia/commons/e/e3/2024_Disney_Jr._Logo.svg,http://206.212.244.63/655/index.m3u8,no,720p,165,yes,,
072,7two,Australia,Australia,mjh-7two-syd,https://i.mjh.nz/.images/auto-7two-syd-701123.png,https://i.mjh.nz/.r/7two-syd.m3u8,yes,unknown,200,yes,otg/1.5.1 (AppleTv Apple TV 4; tvOS16.0; appletv.client) libcurl/7.58.0 OpenSSL/1.0.2o zlib/1.2.11 clib/1.8.56,
074,7mate,Australia,Australia,mjh-7mate-syd,https://i.mjh.nz/.images/auto-7mate-syd-360d60.png,https://i.mjh.nz/.r/7mate-syd.m3u8,yes,unknown,200,yes,otg/1.5.1 (AppleTv Apple TV 4; tvOS16.0; appletv.client) libcurl/7.58.0 OpenSSL/1.0.2o zlib/1.2.11 clib/1.8.56,
075,7Bravo,Australia,Australia,mjh-7bravo-fast,https://i.mjh.nz/.images/auto-7bravo-fast-04647e.png,https://i.mjh.nz/.r/7bravo-fast.m3u8,yes,unknown,200,yes,otg/1.5.1 (AppleTv Apple TV 4; tvOS16.0; appletv.client) libcurl/7.58.0 OpenSSL/1.0.2o zlib/1.2.11 clib/1.8.56,
076,7flix,Australia,Australia,mjh-7flix-syd,https://i.mjh.nz/.images/auto-7flix-syd-c6badc.png,https://i.mjh.nz/.r/7flix-syd.m3u8,yes,unknown,200,yes,otg/1.5.1 (AppleTv Apple TV 4; tvOS16.0; appletv.client) libcurl/7.58.0 OpenSSL/1.0.2o zlib/1.2.11 clib/1.8.56,
077,HGTV,New Zealand,New Zealand,mjh-sky-hgtv,https://contentful-images.digital.skyone.co.nz/v3/hf0kmuqe0d45/7ln9bxKLUYx7i79iVBSREP/3728559763d31ce1a9484fb68db96ddc/Logo_Images_-_default.png,https://i.mjh.nz/.r/sky-hgtv.m3u8,yes,unknown,200,yes,otg/1.5.1 (AppleTv Apple TV 4; tvOS16.0; appletv.client) libcurl/7.58.0 OpenSSL/1.0.2o zlib/1.2.11 clib/1.8.56,
078,Judge Judy,Australia,Australia,mjh-judgejudy-fast,https://i.mjh.nz/.images/auto-judgejudy-fast-8781e8.png,https://i.mjh.nz/.r/judgejudy-fast.m3u8,yes,unknown,200,yes,otg/1.5.1 (AppleTv Apple TV 4; tvOS16.0; appletv.client) libcurl/7.58.0 OpenSSL/1.0.2o zlib/1.2.11 clib/1.8.56,
079,Highway Thru Hell,Australia,Australia,mjh-10-highwaythruhell,https://10.com.au/ip/s3/2025/06/19/3c941c6bd357c1bc3acc855f846e842c-1383806.png?image-profile=logo,https://i.mjh.nz/.r/10-highwaythruhell.m3u8,yes,unknown,200,yes,otg/1.5.1 (AppleTv Apple TV 4; tvOS16.0; appletv.client) libcurl/7.58.0 OpenSSL/1.0.2o zlib/1.2.11 clib/1.8.56,
080,Game Show Network,United States,United States,GameShowNetwork.us@East,https://upload.wikimedia.org/wikipedia/commons/thumb/c/c8/Game_Show_Network_2018.svg/960px-Game_Show_Network_2018.svg.png,http://206.212.244.63/4237/index.m3u8,no,1080p,175,yes,,
081,History & Warfare,Australia,Australia,mjh-10-historyandwarfare,https://10.com.au/ip/s3/2026/03/17/5010fc64782edb4842a94d1484f72514-1419388.png?image-profile=logo,https://i.mjh.nz/.r/10-historyandwarfare.m3u8,yes,unknown,200,yes,otg/1.5.1 (AppleTv Apple TV 4; tvOS16.0; appletv.client) libcurl/7.58.0 OpenSSL/1.0.2o zlib/1.2.11 clib/1.8.56,
082,H2,Australia,Australia,mjh-h2-fast,https://imageresizer.static9.net.au/OxADVUkSO8Xp2ATCSJmMsa0gcDE=/768x0/https%3A%2F%2Fvms-tv-images-prod.s3-ap-southeast-2.amazonaws.com%2F2025%2F04%2F684622%2Fh2_squircle.png,https://i.mjh.nz/.r/h2-fast.m3u8,yes,unknown,200,yes,otg/1.5.1 (AppleTv Apple TV 4; tvOS16.0; appletv.client) libcurl/7.58.0 OpenSSL/1.0.2o zlib/1.2.11 clib/1.8.56,
083,Escape to the Country,Australia,Australia,mjh-etc-fast,https://i.mjh.nz/.images/auto-etc-fast-6d4429.png,https://i.mjh.nz/.r/etc-fast.m3u8,yes,unknown,200,yes,otg/1.5.1 (AppleTv Apple TV 4; tvOS16.0; appletv.client) libcurl/7.58.0 OpenSSL/1.0.2o zlib/1.2.11 clib/1.8.56,
085,COPS,Australia,Australia,mjh-10-cops,https://10.com.au/ip/s3/2025/03/30/6fadf0873ac36ecacdc63ed8bba4cf3d-1371071.png?image-profile=logo,https://i.mjh.nz/.r/10-cops.m3u8,yes,unknown,200,yes,otg/1.5.1 (AppleTv Apple TV 4; tvOS16.0; appletv.client) libcurl/7.58.0 OpenSSL/1.0.2o zlib/1.2.11 clib/1.8.56,
088,Mythbusters,Australia,Australia,mjh-mythbusters-fast,https://i.mjh.nz/.images/auto-mythbusters-fast-3a72b1.png,https://i.mjh.nz/.r/mythbusters-fast.m3u8,yes,unknown,200,yes,otg/1.5.1 (AppleTv Apple TV 4; tvOS16.0; appletv.client) libcurl/7.58.0 OpenSSL/1.0.2o zlib/1.2.11 clib/1.8.56,
089,Air Crash Investigations,Australia,Australia,mjh-aircrashinvestigations-fast,https://i.mjh.nz/.images/auto-aircrashinvestigations-fast-7ff35e.png,https://i.mjh.nz/.r/aircrashinvestigations-fast.m3u8,yes,unknown,200,yes,otg/1.5.1 (AppleTv Apple TV 4; tvOS16.0; appletv.client) libcurl/7.58.0 OpenSSL/1.0.2o zlib/1.2.11 clib/1.8.56,
090,Channel 9 (Newcastle),Australia,Australia,mjh-channel-9-newcastle,https://imageresizer.static9.net.au/lx1XIWcrYZRtnfJOqvxNn9CshDI=/768x0/https%3A%2F%2Fvms-tv-images-prod.s3-ap-southeast-2.amazonaws.com%2F2024%2F09%2F630608%2F9nine-1.png,https://i.mjh.nz/.r/channel-9-newcastle.m3u8,yes,unknown,200,yes,otg/1.5.1 (AppleTv Apple TV 4; tvOS16.0; appletv.client) libcurl/7.58.0 OpenSSL/1.0.2o zlib/1.2.11 clib/1.8.56,
091,9Crime,Australia,Australia,mjh-9crime-fast,https://imageresizer.static9.net.au/OwBWBtMcLMF5vBP09k6w4LneJQM=/768x0/https%3A%2F%2Fvms-tv-images-prod.s3-ap-southeast-2.amazonaws.com%2F2024%2F04%2F585343%2Fgroup-61566.png,https://i.mjh.nz/.r/9crime-fast.m3u8,yes,unknown,200,yes,otg/1.5.1 (AppleTv Apple TV 4; tvOS16.0; appletv.client) libcurl/7.58.0 OpenSSL/1.0.2o zlib/1.2.11 clib/1.8.56,
092,9Gem,Australia,Australia,mjh-gem-nsw,https://imageresizer.static9.net.au/d00389KKc5T4o5isRaDE9Pl9DWk=/768x0/https%3A%2F%2Fvms-tv-images-prod.s3-ap-southeast-2.amazonaws.com%2F2024%2F08%2F620929%2F9gem-1.png,https://i.mjh.nz/.r/gem-nsw.m3u8,yes,unknown,200,yes,otg/1.5.1 (AppleTv Apple TV 4; tvOS16.0; appletv.client) libcurl/7.58.0 OpenSSL/1.0.2o zlib/1.2.11 clib/1.8.56,
093,9Go!,Australia,Australia,mjh-go-nsw,https://imageresizer.static9.net.au/fcTwzkAJT4q81emfp2kYkgoxlDA=/768x0/https%3A%2F%2Fvms-tv-images-prod.s3-ap-southeast-2.amazonaws.com%2F2024%2F03%2F574470%2F9go.png,https://i.mjh.nz/.r/go-nsw.m3u8,yes,unknown,200,yes,otg/1.5.1 (AppleTv Apple TV 4; tvOS16.0; appletv.client) libcurl/7.58.0 OpenSSL/1.0.2o zlib/1.2.11 clib/1.8.56,
094,9Life,Australia,Australia,mjh-life-nsw,https://imageresizer.static9.net.au/wMK3kBDybfEoN2iqyDDflC91D1U=/768x0/https%3A%2F%2Fvms-tv-images-prod.s3-ap-southeast-2.amazonaws.com%2F2024%2F03%2F574472%2F9life.png,https://i.mjh.nz/.r/life-nsw.m3u8,yes,unknown,200,yes,otg/1.5.1 (AppleTv Apple TV 4; tvOS16.0; appletv.client) libcurl/7.58.0 OpenSSL/1.0.2o zlib/1.2.11 clib/1.8.56,
095,9Mystery&Paranormal,Australia,Australia,mjh-9mysteryparanormal-fast,https://imageresizer.static9.net.au/1l9r5t0Fkyry61l_5eKpIxtv0SE=/768x0/https%3A%2F%2Fvms-tv-images-prod.s3-ap-southeast-2.amazonaws.com%2F2025%2F04%2F685323%2Fmp_squircle.png,https://i.mjh.nz/.r/9mysteryparanormal-fast.m3u8,yes,unknown,200,yes,otg/1.5.1 (AppleTv Apple TV 4; tvOS16.0; appletv.client) libcurl/7.58.0 OpenSSL/1.0.2o zlib/1.2.11 clib/1.8.56,
096,9Rush,Australia,Australia,mjh-rush-nsw,https://imageresizer.static9.net.au/5B2ZDlD8Ji6dCecGQEfwy2U2m4Y=/768x0/https%3A%2F%2Fvms-tv-images-prod.s3-ap-southeast-2.amazonaws.com%2F2024%2F03%2F574473%2F9rush.png,https://i.mjh.nz/.r/rush-nsw.m3u8,yes,unknown,200,yes,otg/1.5.1 (AppleTv Apple TV 4; tvOS16.0; appletv.client) libcurl/7.58.0 OpenSSL/1.0.2o zlib/1.2.11 clib/1.8.56,
097,Channel 9 (Norther Rivers),Australia,Australia,mjh-channel-9-lismore,https://imageresizer.static9.net.au/lx1XIWcrYZRtnfJOqvxNn9CshDI=/768x0/https%3A%2F%2Fvms-tv-images-prod.s3-ap-southeast-2.amazonaws.com%2F2024%2F09%2F630608%2F9nine-1.png,https://i.mjh.nz/.r/channel-9-lismore.m3u8,yes,unknown,200,yes,otg/1.5.1 (AppleTv Apple TV 4; tvOS16.0; appletv.client) libcurl/7.58.0 OpenSSL/1.0.2o zlib/1.2.11 clib/1.8.56,
099,Adult Animation,Australia,Australia,mjh-10-adultanimation,https://10.com.au/ip/s3/2024/03/21/fb3a87d8a0126b81727106f43c2a2aef-1304705.png?image-profile=logo,https://i.mjh.nz/.r/10-adultanimation.m3u8,yes,unknown,200,yes,otg/1.5.1 (AppleTv Apple TV 4; tvOS16.0; appletv.client) libcurl/7.58.0 OpenSSL/1.0.2o zlib/1.2.11 clib/1.8.56,
100,ESPNews,News & Weather,United States,ESPNews.us@SD,https://upload.wikimedia.org/wikipedia/commons/thumb/1/1b/ESPNews.svg/960px-ESPNews.svg.png,https://gpuserver3.tier1streams.com/ESPN_NEWS/index.m3u8,yes,720p,185,yes,,
101,TSN1,Sports,Canada,TSN1.ca@SD,https://i.imgur.com/eRFE0jZ.png,http://40.160.24.55/TSN_1/index.m3u8,no,1080p,175,yes,,
102,TSN2,Sports,Canada,TSN2.ca@SD,https://upload.wikimedia.org/wikipedia/commons/thumb/1/1d/TSN2.svg/960px-TSN2.svg.png,http://40.160.24.55/TSN_2/index.m3u8,no,1080p,175,yes,,
103,TSN3,Sports,Canada,TSN3.ca@SD,https://i.imgur.com/AYza8KO.png,http://40.160.24.55/TSN_3/index.m3u8,no,1080p,175,yes,,
104,TSN4,Sports,Canada,TSN4.ca@SD,https://i.imgur.com/qJyAWU8.png,http://40.160.24.55/TSN_4/index.m3u8,no,1080p,175,yes,,
105,TSN5,Sports,Canada,TSN5.ca@SD,https://i.imgur.com/HEzHpzz.png,http://40.160.24.55/TSN_5/index.m3u8,no,1080p,175,yes,,
106,MLB Network,Sports,United States,MLBNetwork.us@SD,https://i.imgur.com/sA5V39D.png,https://gpuserver3.tier1streams.com/MLB_Network/index.m3u8,yes,1080p,195,yes,,
107,NHL Network,Sports,United States,NHLNetwork.us@SD,https://i.imgur.com/UNZ8bef.png,https://nhl-firetv.amagi.tv/playlist.m3u8,yes,1080p,195,yes,,
108,TSN The Ocho,Sports,Canada,TSNTheOcho.ca@SD,https://tvpnlogopus.samsungcloud.tv/platform/image/sourcelogo/vc/00/02/34/CA1400003R3_20240709T002034SQUARE.png,https://d3pnbvng3bx2nj.cloudfront.net/v1/master/3722c60a815c199d9c0ef36c5b73da68a62b09d1/cc-rds8g35qfqrnv/TSN_The_Ocho.m3u8,yes,1080p,195,yes,,
109,ESPN8 The Ocho,Sports,United States,ESPN8TheOcho.us@ESPN8TheOchoHD,https://images.fubo.tv/channel-config-ui/station-logos/on-dark/espn_8_the_ocho_bw.png,https://d3b6q2ou5kp8ke.cloudfront.net/ESPNTheOcho.m3u8,yes,1080p,195,yes,,
110,NBC Sports NOW,Sports,United States,NBCSportsNOW.us@SD,https://i.imgur.com/EzNf2Yx.png,https://d4whmvwm0rdvi.cloudfront.net/10007/99993008/hls/master.m3u8?ads.xumo_channelId=99993008,yes,1080p,195,yes,,
111,Redbull TV,International,International,mjh-redbull-tv,https://i.mjh.nz/.images/redbull-tv.png,https://i.mjh.nz/.r/redbull-tv.m3u8,yes,unknown,200,yes,otg/1.5.1 (AppleTv Apple TV 4; tvOS16.0; appletv.client) libcurl/7.58.0 OpenSSL/1.0.2o zlib/1.2.11 clib/1.8.56,
112,Fox Soccer Plus,Sports,United States,FoxSoccerPlus.us@SD,https://i.imgur.com/gR7u8DM.png,https://gpuserver3.tier1streams.com/FOX_SOCCER_PLUS/index.m3u8,yes,720p,185,yes,,
113,FloHockey 24/7,Sports,United States,FloHockey.us@HD,https://images.fubo.tv/channel-config-ui/station-logos/on-dark/flohockey-white.png,https://amg02278-amg02278c2-flosports-worldwide-9916.playouts.now.amagi.tv/playlist.m3u8,yes,1080p,195,yes,,
114,ESPNU,Sports,United States,ESPNU.us@SD,https://i.imgur.com/HiBrysh.png,http://23.237.104.106:8080/USA_ESPNU/index.m3u8,no,720p,165,yes,,
115,MSG Plus,Sports,United States,MSGPlus.us@SD,https://i.imgur.com/7suDpSK.png,https://gpuserver3.tier1streams.com/MSG_PLUS/index.m3u8,yes,720p,185,yes,,
116,Lacrosse TV,Sports,United States,LacrosseTV.us@SD,https://yt3.googleusercontent.com/ytc/AIdro_m_xSJFydxZ9QBU-85OuchjmzS0Bo0_Tukmk7to8hBfyl8=s512-c-k-c0x00ffffff-no-rj,https://a-cdn.klowdtv.com/live2/lsn_720p/playlist.m3u8,yes,720p,185,yes,,
117,Sky Sports Cricket,Sports,United Kingdom,SkySportsCricket.uk@HD,https://d2n0069hmnqmmx.cloudfront.net/epgdata/1.0/newchanlogos/512/512/skychb1302.png,https://xemzi.short.gy/2000006,yes,1080p,195,yes,,
118,Sky Sports Golf,Sports,United Kingdom,SkySportsGolf.uk@HD,https://d2n0069hmnqmmx.cloudfront.net/epgdata/1.0/newchanlogos/512/512/skychb1322.png,https://xemzi.short.gy/2000009,yes,1080p,195,yes,,
119,BBC Top Gear,Australia,Australia,mjh-bbc-top-gear-247-fast,https://imageresizer.static9.net.au/anIncnAgaLBmeroZtHqBIXHpW6c=/768x0/https%3A%2F%2Fvms-tv-images-prod.s3-ap-southeast-2.amazonaws.com%2F2024%2F11%2F648316%2Fgroup-61773.png,https://i.mjh.nz/.r/bbc-top-gear-247-fast.m3u8,yes,unknown,200,yes,otg/1.5.1 (AppleTv Apple TV 4; tvOS16.0; appletv.client) libcurl/7.58.0 OpenSSL/1.0.2o zlib/1.2.11 clib/1.8.56,
120,BBC Doctor Who Classic,Drama & Series,United States,DoctorWhoClassic.us@US,https://i.imgur.com/JIqJQQM.png,https://bbc-classicdrwho-1-us.roku.wurl.tv/playlist.m3u8,yes,1080p,195,yes,,
121,Mr Bean Live Action,Comedy & Lifestyle,United Kingdom,MrBeanLiveAction.uk@SD,https://d2yv6y0n3qsl5c.cloudfront.net/MBEANP/MrBeanLiveAction-LG_LOGO_800x200.png,https://amg00627-amg00627c39-samsung-gb-5569.playouts.now.amagi.tv/playlist.m3u8,yes,1080p,195,yes,,
122,BBC Food,Australia,Australia,mjh-bbc-food-fast,https://imageresizer.static9.net.au/fsW8mo_8BA8nztvHgpodxtSmcjo=/768x0/https%3A%2F%2Fvms-tv-images-prod.s3-ap-southeast-2.amazonaws.com%2F2024%2F12%2F652517%2Fgroup-61812.png,https://i.mjh.nz/.r/bbc-food-fast.m3u8,yes,unknown,200,yes,otg/1.5.1 (AppleTv Apple TV 4; tvOS16.0; appletv.client) libcurl/7.58.0 OpenSSL/1.0.2o zlib/1.2.11 clib/1.8.56,
123,BBC Comedy,Australia,Australia,mjh-bbc-comedy-fast,https://imageresizer.static9.net.au/2bl6ZyviwjpHCeVoXf8twpEVFjo=/768x0/https%3A%2F%2Fvms-tv-images-prod.s3-ap-southeast-2.amazonaws.com%2F2024%2F11%2F648314%2Fgroup-61772.png,https://i.mjh.nz/.r/bbc-comedy-fast.m3u8,yes,unknown,200,yes,otg/1.5.1 (AppleTv Apple TV 4; tvOS16.0; appletv.client) libcurl/7.58.0 OpenSSL/1.0.2o zlib/1.2.11 clib/1.8.56,
124,BBC Home & Garden,Australia,Australia,mjh-bbc-home-garden-fast,https://imageresizer.static9.net.au/RHsGPvwhtEktqfW-Tg4ygRMy1ug=/768x0/https%3A%2F%2Fvms-tv-images-prod.s3-ap-southeast-2.amazonaws.com%2F2024%2F11%2F648313%2Fgroup-61771.png,https://i.mjh.nz/.r/bbc-home-garden-fast.m3u8,yes,unknown,200,yes,otg/1.5.1 (AppleTv Apple TV 4; tvOS16.0; appletv.client) libcurl/7.58.0 OpenSSL/1.0.2o zlib/1.2.11 clib/1.8.56,
125,5 Cops,Drama & Series,United States,5Cops.us@UK,https://i.imgur.com/QFPRaXK.png,https://jmp2.uk/plu-5d2c571faeb3e2738ae27933.m3u8,yes,unknown,170,yes,,
126,True Crime UK,Drama & Series,United Kingdom,TrueCrime.uk@SD,https://i.imgur.com/LK2NFst.png,https://b6cca454.wurl.com/master/f36d25e7e52f1ba8d7e56eb859c636563214f541/U2Ftc3VuZy1nYl9UcnVlQ3JpbWVVS2Zyb21DQlNSZWFsaXR5X0hMUw/playlist.m3u8,yes,1080p,195,yes,,
127,The Graham Norton Show,Australia,Australia,mjh-10-grahamnorton,https://10.com.au/ip/s3/2023/07/12/bcb38e1591564d24894210f4abd02423-1248623.png?image-profile=logo,https://i.mjh.nz/.r/10-grahamnorton.m3u8,yes,unknown,200,yes,otg/1.5.1 (AppleTv Apple TV 4; tvOS16.0; appletv.client) libcurl/7.58.0 OpenSSL/1.0.2o zlib/1.2.11 clib/1.8.56,
128,The Yorkshire Vet,Australia,Australia,mjh-cas33-fast,https://i.mjh.nz/.images/auto-cas33-fast-7aec74.png,https://i.mjh.nz/.r/cas33-fast.m3u8,yes,unknown,200,yes,otg/1.5.1 (AppleTv Apple TV 4; tvOS16.0; appletv.client) libcurl/7.58.0 OpenSSL/1.0.2o zlib/1.2.11 clib/1.8.56,
129,BBC Lifestyle Asia,Comedy & Lifestyle,United Kingdom,BBCLifestyle.uk@Asia,https://i.imgur.com/9mzJJ3y.png,https://cdn4.skygo.mn/live/disk1/BBC_lifestyle/HLSv3-FTA/BBC_lifestyle.m3u8,yes,720p,185,yes,,
130,BritBox Mysteries,Learning & Documentaries,United States,BritBoxMysteries.us@SD,https://i.imgur.com/PJdzoLN.png,https://aegis-cloudfront-1.tubi.video/c95700f8-e51c-4a36-ad46-56f70fc9f1d9/playlist.m3u8,yes,1080p,195,yes,,
131,BBC Antiques Roadshow,Australia,Australia,mjh-bbc-antiques-roadshow-247-fast,https://imageresizer.static9.net.au/zRjEXK-6iFh-92EKnAZN9rXREkA=/768x0/https%3A%2F%2Fvms-tv-images-prod.s3-ap-southeast-2.amazonaws.com%2F2024%2F11%2F648315%2Fgroup-61774.png,https://i.mjh.nz/.r/bbc-antiques-roadshow-247-fast.m3u8,yes,unknown,200,yes,otg/1.5.1 (AppleTv Apple TV 4; tvOS16.0; appletv.client) libcurl/7.58.0 OpenSSL/1.0.2o zlib/1.2.11 clib/1.8.56,
132,BBC News North America,News & Weather,United Kingdom,BBCNews.uk@NorthAmerica,https://xstreamcp-assets-msp.streamready.in/assets/LIVETV/LIVECHANNEL/LIVETV_LIVETVCHANNEL_BBC_NEWS/images/LOGO_HD/image.png,https://gpuserver3.tier1streams.com/BBC_WORLD_NEWS/index.m3u8,yes,1080p,195,yes,,
133,BBC Earth,Learning & Documentaries,United Kingdom,BBCEarth.uk@US,https://i.imgur.com/nGSsUd4.png,https://amg00793-amg00793c6-xumo-us-2669.playouts.now.amagi.tv/BBCStudios-BBCEarthA-hls/playlist.m3u8,yes,1080p,195,yes,,
134,Newfoundland Television,Canada,Canada,CJONDT.ca@SD,https://upload.wikimedia.org/wikipedia/en/b/bd/CJON-TV.PNG,https://2-fss-1.streamhoster.com/pl_122/201748-1431018-1/playlist.m3u8,yes,SD,175,yes,,
135,NTV+,Canada,Canada,NTVPlus.ca@SD,https://i.imgur.com/YEUhPBv.png,https://2-fss-1.streamhoster.com/pl_122/201748-1431018-1/chunklist.m3u8,yes,unknown,170,yes,,
136,Degrassi,Drama & Series,United States,Degrassi.us@US,https://i.imgur.com/vhSzfDC.png,https://d3537vnymvfque.cloudfront.net/playlist.m3u8,yes,720p,185,yes,,
137,CityNews Calgary,News & Weather,Canada,CityNewsCalgary.ca@SD,https://m.media-amazon.com/images/I/51Icdznow+L.png,https://citynewsregional.akamaized.net/hls/live/1024053/Regional_Live_8/master.m3u8,yes,720p,185,yes,,
138,CityNews Toronto,News & Weather,Canada,CityNewsToronto.ca@SD,https://m.media-amazon.com/images/I/51Icdznow+L.png,https://citynewsregional.akamaized.net/hls/live/1024052/Regional_Live_7/master.m3u8,yes,720p,185,yes,,
139,CFTO-DT,Canada,Canada,CFTODT.ca@SD,https://upload.wikimedia.org/wikipedia/commons/thumb/1/17/CTV_logo_2018.svg/960px-CTV_logo_2018.svg.png,http://stream.cammonitorplus.net/1712/index.m3u8,no,720p,165,yes,,
140,CTV 2 Atlantic,Canada,Canada,CTV2Atlantic.ca@SD,https://upload.wikimedia.org/wikipedia/commons/thumb/6/6d/CTV_2_2018.svg/960px-CTV_2_2018.svg.png,http://stream.cammonitorplus.net/1731/index.m3u8,no,720p,165,yes,,
141,PBS Kids 24/7,Learning & Documentaries,United States,PBSKids247.us@SD,https://upload.wikimedia.org/wikipedia/commons/e/e3/PBS_Kids_logo_%282022%29.svg,http://206.212.244.63/672/index.m3u8,no,1080p,175,yes,,
142,PBS Kids Alaska,Learning & Documentaries,United States,PBSKidsAlaska.us@SD,https://i.imgur.com/ambc9le.png,https://livestream.pbskids.org/out/v1/94b88ad58fc14f84a9382341f1c00b82/akst.m3u8,yes,1080p,195,yes,,
143,PBS Kids Eastern/Central,Learning & Documentaries,United States,PBSKidsEasternCentral.us@SD,https://i.imgur.com/ambc9le.png,https://2-fss-2.streamhoster.com/pl_140/amlst:200914-1298290/playlist.m3u8,yes,720p,185,yes,,
144,PBS Kids Hawaii,Learning & Documentaries,United States,PBSKidsHawaii.us@SD,https://i.imgur.com/ambc9le.png,https://livestream.pbskids.org/out/v1/aa31792fee094b24b09045483f04d150/hast.m3u8,yes,720p,185,yes,,
145,PBS Kids Mountain,Learning & Documentaries,United States,PBSKidsMountain.us@SD,https://i.imgur.com/ambc9le.png,https://livestream.pbskids.org/out/v1/3fe3030a2c8045a3932f4289d9eba3e6/mst.m3u8,yes,1080p,195,yes,,
146,PBS Kids Pacific,Learning & Documentaries,United States,PBSKidsPacific.us@SD,https://i.imgur.com/ambc9le.png,https://livestream.pbskids.org/out/v1/11f2e6b73eaa4887b3746cb863960e79/pst.m3u8,yes,1080p,195,yes,,
147,PBS Nature,Drama & Series,United States,PBSNature.us@SD,https://i.imgur.com/Brry7cZ.png,https://d3mr43kyql7wgk.cloudfront.net/PBS_Nature.m3u8,yes,1080p,195,yes,,
148,Garfield and Friends,Kids & Family,United States,GarfieldandFriends.us@US,https://i.imgur.com/evzfe9C.png,https://jmp2.uk/plu-677f927554f43dad4b3258aa.m3u8,yes,unknown,170,yes,,
149,Happy Days,Drama & Series,United States,HappyDays.us@CA,https://images.pluto.tv/channels/62e917b5e354cf0007b97a67/colorLogoPNG.png,https://jmp2.uk/plu-62e917b5e354cf0007b97a67.m3u8,yes,unknown,170,yes,,
150,Hallmark Channel,Kids & Family,United States,HallmarkChannel.us@East,https://upload.wikimedia.org/wikipedia/commons/thumb/5/53/Hallmark_Channel.svg/960px-Hallmark_Channel.svg.png,http://23.237.104.106:8080/USA_HALLMARK/index.m3u8,no,1080p,175,yes,,
151,Hallmark Family,Movies,United States,HallmarkFamily.us@SD,https://upload.wikimedia.org/wikipedia/commons/thumb/9/91/Hallmark_Family_2024.svg/960px-Hallmark_Family_2024.svg.png,http://40.160.24.53/HALLMARK_DRAMA/index.m3u8,no,1080p,175,yes,,
152,Hallmark Movies & More,Movies,United States,HallmarkMoviesMore.us@SD,https://provider-static.plex.tv/epg/cms/production/29af70d1-d3ba-4a16-bc4d-bd99e7e7def4/hallmark-movies-and-more_color.png,https://dbrb49pjoymg4.cloudfront.net/v1/master/3fec3e5cac39a52b2132f9c66c83dae043dc17d4/prod_default_xumo-ams-aws/master.m3u8?ads.xumo_channelId=99991709,yes,1080p,195,yes,,
153,Hallmark Mystery,Movies,United States,HallmarkMystery.us@East,https://upload.wikimedia.org/wikipedia/commons/3/32/Hallmark_Mystery_2024.svg,http://40.160.24.53/HALLMARK_MOVIES_AND_MYSTERIES/index.m3u8,no,1080p,175,yes,,
154,Lifetime Movies,Movies,United States,LifetimeMovies.us@East,https://i.imgur.com/BWmqYTO.png,http://23.237.104.106:8080/USA_LMN/index.m3u8,no,1080p,175,yes,,
155,MyTime Movie Network,Movies,United States,MyTimeMovieNetworkEast.us@SD,https://i.imgur.com/HYgxPVQ.png,https://appletree-mytimeau-samsung.amagi.tv/playlist.m3u8,yes,1080p,195,yes,,
156,ABC 2 Baltimore MD,News & Weather,United States,WMARTV21.us@HD,https://upload.wikimedia.org/wikipedia/en/d/db/2_ABC_WMAR_Baltimore.png,https://aegis-cloudfront-1.tubi.video/c28d1ca8-9467-4798-81dc-09c1d6e90be1/playlist.m3u8,yes,720p,185,yes,,
157,ABC 2 Portland OR,United States,United States,KATU321.us@HD,https://upload.wikimedia.org/wikipedia/commons/2/27/WWAY_logo.png,https://linear-710.frequency.stream/dist/stirr/710/hls/master/playlist.m3u8,yes,1080p,195,yes,,
158,ABC 4 Charleston SC,United States,United States,WCIV361.us@HD,https://upload.wikimedia.org/wikipedia/commons/thumb/3/38/MyNetworkTV_2D_Logo.svg/960px-MyNetworkTV_2D_Logo.svg.png,https://linear-700.frequency.stream/dist/stirr/700/hls/master/playlist.m3u8,yes,1080p,195,yes,,
159,ABC 27 Tallahassee FL,News & Weather,United States,WTXLTV271.us@HD,https://upload.wikimedia.org/wikipedia/commons/2/27/WWAY_logo.png,https://aegis-cloudfront-1.tubi.video/e739361e-fa12-4cac-92f3-e0dbf332cd88/playlist.m3u8,yes,720p,185,yes,,
160,ABC 9 Manchester NH,News & Weather,United States,WMURTV91.us@HD,https://upload.wikimedia.org/wikipedia/en/7/72/WMURCurrentLogo.png,https://aegis-cloudfront-1.tubi.video/b77ffe96-c5d1-43a7-8687-306ff244d725/playlist.m3u8,yes,720p,185,yes,,
161,CBS 2 Salt Lake City UT,United States,United States,KUTV21.us@HD,https://upload.wikimedia.org/wikipedia/commons/thumb/e/ee/CBS_logo_%282020%29.svg/960px-CBS_logo_%282020%29.svg.png,https://linear-707.frequency.stream/dist/stirr/707/hls/master/playlist.m3u8,yes,1080p,195,yes,,
162,CBS 3 Kalamazoo MI,United States,United States,WWMT31.us@HD,https://upload.wikimedia.org/wikipedia/commons/thumb/e/ee/CBS_logo_%282020%29.svg/960px-CBS_logo_%282020%29.svg.png,https://linear-701.frequency.stream/dist/stirr/701/hls/master/playlist.m3u8,yes,1080p,195,yes,,
163,PBS KET Louisville KY,Learning & Documentaries,United States,WKMJTV681.us@HD,https://i.imgur.com/U9HFzJk.png,https://2-fss-1.streamhoster.com/pl_134/amlst:200914-1282960/playlist.m3u8,yes,720p,185,yes,,
164,FOX 11 Green Bay WI,United States,United States,WLUKTV141.us@HD,https://upload.wikimedia.org/wikipedia/commons/thumb/f/f0/Fox_Networks_Group_US_logo.svg/960px-Fox_Networks_Group_US_logo.svg.png,https://linear-702.frequency.stream/dist/stirr/702/hls/master/playlist.m3u8,yes,1080p,195,yes,,
165,FOX 26 Visalia CA,United States,United States,KMPHTV261.us@HD,https://upload.wikimedia.org/wikipedia/commons/thumb/f/f0/Fox_Networks_Group_US_logo.svg/960px-Fox_Networks_Group_US_logo.svg.png,https://linear-711.frequency.stream/dist/stirr/711/hls/master/playlist.m3u8,yes,1080p,195,yes,,
166,NBC 8 Lancaster PA,News & Weather,United States,WGAL81.us@HD,https://upload.wikimedia.org/wikipedia/commons/thumb/7/7a/NBC_logo_2022_%28vertical%29.svg/960px-NBC_logo_2022_%28vertical%29.svg.png,https://aegis-cloudfront-1.tubi.video/5d314174-0110-42af-8811-feaae073ea1e/playlist.m3u8,yes,720p,185,yes,,
167,NBC 12 Winston-Salem NC,News & Weather,United States,WXIITV201.us@HD,https://upload.wikimedia.org/wikipedia/commons/thumb/7/7a/NBC_logo_2022_%28vertical%29.svg/960px-NBC_logo_2022_%28vertical%29.svg.png,https://aegis-cloudfront-1.tubi.video/54b357b4-bf4b-4356-97b4-b1acb6ab62f7/playlist.m3u8,yes,720p,185,yes,,
168,NBC 3 Las Vegas NV,United States,United States,KSNV31.us@HD,https://upload.wikimedia.org/wikipedia/commons/thumb/9/9f/KSNV_logo.svg/960px-KSNV_logo.svg.png,https://linear-708.frequency.stream/dist/stirr/708/hls/master/playlist.m3u8,yes,1080p,195,yes,,
169,NBC 4 San Antonio TX,United States,United States,WOAITV41.us@HD,https://upload.wikimedia.org/wikipedia/commons/thumb/7/7a/NBC_logo_2022_%28vertical%29.svg/960px-NBC_logo_2022_%28vertical%29.svg.png,https://linear-703.frequency.stream/dist/stirr/703/hls/master/playlist.m3u8,yes,1080p,195,yes,,
170,USA Network,Comedy & Lifestyle,United States,USANetwork.us@East,https://upload.wikimedia.org/wikipedia/commons/thumb/d/d7/USA_Network_logo_%282016%29.svg/960px-USA_Network_logo_%282016%29.svg.png,http://40.160.24.55/USA_NETWORK/index.m3u8,no,1080p,175,yes,,
171,USA Network West,Comedy & Lifestyle,United States,USANetwork.us@West,https://upload.wikimedia.org/wikipedia/commons/thumb/d/d7/USA_Network_logo_%282016%29.svg/960px-USA_Network_logo_%282016%29.svg.png,http://40.160.24.55/USA_NETWORK_WEST/index.m3u8,no,1080p,175,yes,,
172,NBC Comedy Vault,Comedy & Lifestyle,United States,NBCComedyVault.us@SD,https://i.imgur.com/nydZWwg.png,https://xumo-xumoent-vc-105-z0vpm.fast.nbcuni.com/live/master.m3u8,yes,1080p,195,yes,,
173,NBC LX Home,Comedy & Lifestyle,United States,NBCLXHome.us@HD,https://upload.wikimedia.org/wikipedia/commons/7/70/NBC_LX_Home_2023.svg,https://plex-xumoent-ch485-e7l5l.fast.nbcuni.com/live/master_5.m3u8,yes,1080p,195,yes,,
174,TODAY All Day,News & Weather,United States,TODAYAllDay.us@SD,https://i.imgur.com/LhbQ8Mr.png,https://d37kx062o4ii0p.cloudfront.net/master.m3u8,yes,1080p,195,yes,,
175,Fox Soul,Learning & Documentaries,United States,FoxSoul.us@SD,https://i.imgur.com/YIamDGn.png,https://fox-foxsoul-samsungus.amagi.tv/playlist.m3u8,yes,1080p,195,yes,,
176,SNL Vault,Comedy & Lifestyle,United States,SNLVault.us@SD,https://provider-static.plex.tv/epg/cms/production/712dae9e-9111-4bbc-8ea4-242e891ab5b3/snl-vault-fclogo-72-dpi-1500-x-1000-3-2-channel-logo-dark-plex-1.png,https://d4whmvwm0rdvi.cloudfront.net/10007/99993017/hls/master.m3u8?ads.xumo_channelId=99993017,yes,1080p,195,yes,,
177,NBCLX,United States,United States,NBCLX.us@SD,https://i.imgur.com/5iT7hEa.png,https://nbculocallive.akamaized.net/hls/live/2037096/lx/use1.m3u8,yes,1080p,195,yes,,
178,A&E,United States,United States,AE.us@East,https://upload.wikimedia.org/wikipedia/commons/thumb/d/df/A%26E_Network_logo.svg/960px-A%26E_Network_logo.svg.png,https://gpuserver3.tier1streams.com/AE/index.m3u8,yes,1080p,195,yes,,
179,BET,United States,United States,BET.us@East,https://i.imgur.com/copIbc9.png,https://gpuserver3.tier1streams.com/BET_EAST/index.m3u8,yes,720p,185,yes,,
180,Comedy Central,Comedy & Lifestyle,United States,ComedyCentral.us@East,https://images.pluto.tv/channels/64f8a408bd341e000818fcda/colorLogoPNG.png,http://23.237.104.106:8080/USA_COMEDY_CENTRAL/index.m3u8,no,1080p,175,yes,,
181,Comedy Central Animation,Comedy & Lifestyle,United States,ComedyCentralAnimation.us@SD,https://i.imgur.com/uENch0P.png,https://jmp2.uk/plu-64f8a949f5b5e4000862467c.m3u8,yes,unknown,170,yes,,
182,Beverly Hills Television 10,United States,United States,BHTV10.us@SD,https://i.imgur.com/NRrJ6xb.png,https://cdn3.wowza.com/5/V2Y2VmhqMEFDTUkx/beverlyhills/G0072_006/playlist.m3u8,yes,720p,185,yes,,
183,BET Cinema,Movies,United States,BETCinema.us@SD,https://images.pluto.tv/channels/58af4c093a41ca9d4ecabe96/colorLogoPNG_1759338280891.png,https://jmp2.uk/plu-58af4c093a41ca9d4ecabe96.m3u8,yes,unknown,170,yes,,
184,BET Comedy Movies,Movies,United States,BETComedyMovies.us@SD,https://images.pluto.tv/channels/68c32d88f56983aba40052bd/colorLogoPNG_1759246622596.png,https://jmp2.uk/plu-68c32d88f56983aba40052bd.m3u8,yes,unknown,170,yes,,
185,BET Her,United States,United States,BETHer.us@East,https://i.imgur.com/oafsrlo.png,https://gpuserver3.tier1streams.com/BET_HER/index.m3u8,yes,720p,185,yes,,
186,BET Visionaries,Movies,United States,BETVisionaries.us@SD,https://images.pluto.tv/channels/663946c1b18d700008d9c168/colorLogoPNG_1759338795452.png,https://jmp2.uk/plu-663946c1b18d700008d9c168.m3u8,yes,unknown,170,yes,,
187,BET Throwbacks,Comedy & Lifestyle,United States,BETThrowbacks.us@SD,https://images.pluto.tv/channels/61326275b3c86a00078e4833/colorLogoPNG_1759340015358.png,https://jmp2.uk/plu-61326275b3c86a00078e4833.m3u8,yes,unknown,170,yes,,
201,South Park,Australia,Australia,mjh-10-south-park,https://10.com.au/ip/s3/2023/08/03/41a79ba6a28f011b379ea68d41c28ea0-1253591.png?image-profile=logo,https://i.mjh.nz/.r/10-south-park.m3u8,yes,unknown,200,yes,otg/1.5.1 (AppleTv Apple TV 4; tvOS16.0; appletv.client) libcurl/7.58.0 OpenSSL/1.0.2o zlib/1.2.11 clib/1.8.56,
672,South Park: Cartman Collection,Kids & Family,United States,SouthParkCartmanCollection.us@CA,https://images.pluto.tv/channels/65df4934f7f0af0008c32545/colorLogoPNG.png,https://jmp2.uk/plu-65df4934f7f0af0008c32545.m3u8,yes,unknown,170,yes,,
673,South Park: Kenny Collection,Kids & Family,United States,SouthParkKennyCollection.us@CA,https://images.pluto.tv/channels/65df47f428730900089f83ac/colorLogoPNG.png,https://jmp2.uk/plu-65df47f428730900089f83ac.m3u8,yes,unknown,170,yes,,
674,South Park: Kyle Collection,Kids & Family,United States,SouthParkKyleCollection.us@CA,https://images.pluto.tv/channels/65df49b30d45610008172c5b/colorLogoPNG.png,https://jmp2.uk/plu-65df49b30d45610008172c5b.m3u8,yes,unknown,170,yes,,
675,South Park: Stan Collection,Kids & Family,United States,SouthParkStanCollection.us@CA,https://images.pluto.tv/channels/65df48ba28730900089f8480/colorLogoPNG.png,https://jmp2.uk/plu-65df48ba28730900089f8480.m3u8,yes,unknown,170,yes,,
676,South Park: Welcome to Canada!,Kids & Family,United States,SouthParkWelcometoCanada.us@CA,https://images.pluto.tv/channels/663115d923e24f000843b49c/colorLogoPNG.png,https://jmp2.uk/plu-663115d923e24f000843b49c.m3u8,yes,unknown,170,yes,,
800,00s Replay,Movies,United States,00sReplay.us@SD,https://images.pluto.tv/channels/62ba60f059624e000781c436/colorLogoPNG.png,https://jmp2.uk/plu-62ba60f059624e000781c436.m3u8,yes,unknown,170,yes,,
801,24 Hour Free Movies,Movies,United States,24HourFreeMovies.us@SD,https://i.imgur.com/iSVnzR1.png,https://d1b5mlajbmvkjv.cloudfront.net/v1/master/9d062541f2ff39b5c0f48b743c6411d25f62fc25/UDU-DistroTV/145.m3u8?ads.vf=7FhdsxqVxOi,yes,720p,185,yes,,
802,70s Cinema,Movies,United States,70sCinema.us@SD,https://i.imgur.com/mgXeEE4.png,https://jmp2.uk/plu-5f4d878d3d19b30007d2e782.m3u8,yes,unknown,170,yes,,
803,80s Rewind,Movies,United States,80sRewind.us@SD,https://i.imgur.com/nkEeYfI.png,https://jmp2.uk/plu-5ca525b650be2571e3943c63.m3u8,yes,unknown,170,yes,,
804,90s Throwback,Movies,United States,90sThrowback.us@SD,https://i.imgur.com/KoGko6M.png,https://jmp2.uk/plu-5f4d86f519358a00072b978e.m3u8,yes,unknown,170,yes,,
810,IFC,Movies,United States,IFC.us@East,https://i.imgur.com/bQdkyF9.png,http://23.237.104.106:8080/USA_IFC/index.m3u8,no,1080p,175,yes,,
812,Made in Hollywood,Movies,United States,MadeInHollywood.us@SD,https://i.imgur.com/p16HNIM.png,https://connection3-ent-nz.samsung.wurl.tv/playlist.m3u8,yes,unknown,170,yes,,
814,Paramount Movie Channel,Movies,United States,ParamountMovieChannel.us@SD,https://i.imgur.com/sj5h9bl.png,https://jmp2.uk/plu-5cb0cae7a461406ffe3f5213.m3u8,yes,unknown,170,yes,,
815,Paramount+ Picks,Movies,United States,ParamountPlusPicks.us@SD,https://images.pluto.tv/channels/5ff8c708653d080007361b14/featuredImage.jpg,https://jmp2.uk/plu-5ff8c708653d080007361b14.m3u8,yes,unknown,170,yes,,
816,Pluto TV Action,Movies,United States,PlutoTVAction.us@US,https://i.imgur.com/tDapGal.png,https://jmp2.uk/plu-561d7d484dc7c8770484914a.m3u8,yes,unknown,170,yes,,
817,Pluto TV Action Movies,Movies,United States,PlutoTVActionMovies.us@CA,https://images.pluto.tv/channels/62ea3c2e4823db00072788ed/colorLogoPNG.png,https://jmp2.uk/plu-62ea3c2e4823db00072788ed.m3u8,yes,unknown,170,yes,,
818,Pluto TV Crime Drama,Movies,United States,PlutoTVCrimeDrama.us@CA,https://images.pluto.tv/channels/62e92708a7ce600007b2676a/colorLogoPNG.png,https://jmp2.uk/plu-62e92708a7ce600007b2676a.m3u8,yes,unknown,170,yes,,
819,Pluto TV Crime Movies,Movies,United States,PlutoTVCrimeMovies.us@SD,https://i.imgur.com/SJcqknt.png,https://jmp2.uk/plu-5f4d8594eb979c0007706de7.m3u8,yes,unknown,170,yes,,
820,Pluto TV Cult Films,Movies,United States,PlutoTVCultFilms.us@US,https://i.imgur.com/xoaIAus.png,https://jmp2.uk/plu-5c665db3e6c01b72c4977bc2.m3u8,yes,unknown,170,yes,,
821,Pluto TV Drama,Movies,United States,PlutoTVDrama.us@US,https://i.imgur.com/PvhbHTZ.png,https://jmp2.uk/plu-5b4e92e4694c027be6ecece1.m3u8,yes,unknown,170,yes,,
822,Pluto TV Drama Movies,Movies,United States,PlutoTVDramaMovies.us@CA,https://images.pluto.tv/channels/62bdb0bcd707b9000739d2e5/colorLogoPNG.png,https://jmp2.uk/plu-62bdb0bcd707b9000739d2e5.m3u8,yes,unknown,170,yes,,
823,Pluto TV Franchise Favorites,Movies,United States,PlutoTVFranchiseFavorites.us@SD,https://images.pluto.tv/channels/68fbf8101d26140175db8b58/colorLogoPNG_1762383685562.png,https://jmp2.uk/plu-68fbf8101d26140175db8b58.m3u8,yes,unknown,170,yes,,
824,Pluto TV Icons,Movies,United States,PlutoTVIcons.us@SD,https://images.pluto.tv/channels/64b585f84ea480000838e446/colorLogoPNG.png,https://jmp2.uk/plu-64b585f84ea480000838e446.m3u8,yes,unknown,170,yes,,
825,Pluto TV Romance,Movies,United States,PlutoTVRomance.us@US,https://i.imgur.com/GJBxfyf.png,https://jmp2.uk/plu-5a66795ef91fef2c7031c599.m3u8,yes,unknown,170,yes,,
826,Pluto TV Sci-fi,Movies,United States,PlutoTVSciFi.us@CA,https://images.pluto.tv/channels/66166cb1307fa30008f275e7/colorLogoPNG.png,https://jmp2.uk/plu-66166cb1307fa30008f275e7.m3u8,yes,unknown,170,yes,,
940,CMT,Music,United States,CMT.us@East,https://i.imgur.com/S7DOpdY.png,https://gpuserver3.tier1streams.com/CMT/index.m3u8,yes,1080p,195,yes,,
950,Now 70s,Music,United Kingdom,Now70s.uk@SD,https://i.imgur.com/qiCCX5X.png,https://lightningnow70-samsungau.amagi.tv/playlist.m3u8,yes,720p,185,yes,,
951,Now 80s,Music,United Kingdom,Now80s.uk@SD,https://i.imgur.com/YyPnMeB.png,https://lightningnow80-samsungau.amagi.tv/playlist.m3u8,yes,1080p,195,yes,,
952,NOW 90s00s,Music,United Kingdom,Now90s00s.uk@Poland,https://images.pluto.tv/channels/660c209e19ca71000846cf38/colorLogoPNG.png,https://amg01076-amg01076c19-rakuten-gb-8653.playouts.now.amagi.tv/playlist/amg01076-lightning-now90s00s-rakutengb/playlist.m3u8,yes,1080p,195,yes,,
953,NOW Rock,Music,United Kingdom,NOWRock.uk@SD,https://i.imgur.com/GuM4GnX.png,https://lightning-now90s-samsungnz.amagi.tv/playlist.m3u8,yes,1080p,195,yes,,
954,Pluto TV MTV Classic,Music,United States,MTVClassic.us@CA,https://images.pluto.tv/channels/66a01dcb8561260008b0a41d/colorLogoPNG.png,https://jmp2.uk/plu-654100b4bdf3cf0008aa49c7.m3u8,yes,720p,185,yes,,
955,Qello Concerts by Stingray,Music,Canada,QelloConcertsbyStingray.ca@SD,https://i.imgur.com/IRyFTWq.png,https://lotus.stingray.com/manifest/qello-qello001-montreal/samsungtvplus/master.m3u8,yes,1080p,195,yes,,
956,Stingray Cityscapes,Music,Canada,StingrayCityscapes.ca@HD,https://encrypted-tbn0.gstatic.com/images?q=tbn:ANd9GcRZlXPCl4ze9lr2DnadYazKxuyyEEWmgO1O1Q&s,https://aka-live1050.delivery.roku.com/7572d640-7373-4137-8b14-a3afff395349/t2-origin/out/v1/live.m3u8,yes,1080p,195,yes,,
957,Stingray Classic Rock,Music,Canada,StingrayClassicRock.ca@SD,https://i.imgur.com/FBgu8yB.png,https://lotus.stingray.com/manifest/ose-101ads-montreal/samsungtvplus/master.m3u8,yes,1080p,195,yes,,
958,Stingray Classica,Music,Canada,StingrayClassica.ca@SD,https://i.imgur.com/nh1k5RC.png,https://lotus.stingray.com/manifest/classica-cla008-montreal/samsungtvplus/master.m3u8,yes,1080p,195,yes,,
959,Stingray Cozy Cafe,Music,Canada,StingrayCozyCafe.ca@HD,https://encrypted-tbn0.gstatic.com/images?q=tbn:ANd9GcT-PtqqxxfI0SgHcNO5YJqxdufqnVtPFwpDvQ&s,https://aka-live1050.delivery.roku.com/372c813e-1fb9-41d4-a4d0-5fbd803659c5/t2-origin/out/v1/live.m3u8,yes,1080p,195,yes,,
960,Stingray DJAZZ,Music,Canada,StingrayDJAZZ.ca@SD,https://upload.wikimedia.org/wikipedia/commons/thumb/1/14/Stingray_Djazz.png/960px-Stingray_Djazz.png,https://lotus.stingray.com/manifest/djazz-djaads-montreal/samsungtvplus/master.m3u8,yes,1080p,195,yes,,
961,Stingray Easy Listening,Music,Canada,StingrayEasyListening.ca@SD,https://upload.wikimedia.org/wikipedia/commons/thumb/5/5b/Stingray_Music_logo.svg/960px-Stingray_Music_logo.svg.png,https://lotus.stingray.com/manifest/ose-137ads-montreal/samsungtvplus/master.m3u8,yes,1080p,195,yes,,
962,Stingray Flashback 70s,Music,Canada,StingrayFlashback70s.ca@SD,https://i.imgur.com/jf5C9QF.png,https://lotus.stingray.com/manifest/ose-115ads-montreal/samsungtvplus/master.m3u8,yes,1080p,195,yes,,
963,Stingray Hit List,Music,Canada,StingrayHitList.ca@SD,https://i.imgur.com/lgpIwId.png,https://lotus.stingray.com/manifest/ose-107ads-montreal/samsungtvplus/master.m3u8,yes,1080p,195,yes,,
964,Stingray Holiday Hits,Music,Canada,StingrayHolidayHits.ca@SD,https://i.imgur.com/4xVVKH8.png,https://lotus.stingray.com/manifest/ose-155ads-montreal/samsungtvplus/master.m3u8,yes,1080p,195,yes,,
965,Stingray Holidayscapes,Music,Canada,StingrayHolidayscapes.ca@HD,https://images.plex.tv/photo?size=large-1920&scale=1&url=https%3A%2F%2Fprovider-static.plex.tv%2Fepg%2Fcms%2Fproduction%2F9cb4b15c-8244-4499-ae2c-9a92d4cdff6d%2F13895_SHS_Plex_Logos_Holidays_1500x1000_Dark-Background.png,https://d10cyxntpn0bwm.cloudfront.net/master.m3u8,yes,1080p,195,yes,,
966,Stingray Hot Country,Music,Canada,StingrayHotCountry.ca@SD,https://i.imgur.com/PZhxyIT.png,https://lotus.stingray.com/manifest/ose-108ads-montreal/samsungtvplus/master.m3u8,yes,1080p,195,yes,,
967,Stingray Jukebox Oldies,Music,Canada,StingrayJukeboxOldies.ca@SD,https://upload.wikimedia.org/wikipedia/commons/thumb/5/5b/Stingray_Music_logo.svg/960px-Stingray_Music_logo.svg.png,https://lotus.stingray.com/manifest/ose-021ads-montreal/samsungtvplus/master.m3u8,yes,1080p,195,yes,,
968,Stingray Karaoke,Music,Canada,StingrayKaraoke.ca@SD,https://i.imgur.com/9TLTLS3.png,https://lotus.stingray.com/manifest/karaoke-kar000-montreal/samsungtvplus/master.m3u8,yes,1080p,195,yes,,
969,Stingray Movie Music,Music,Canada,MovieMusicbyStingray.ca@HD,https://encrypted-tbn0.gstatic.com/images?q=tbn:ANd9GcQ2CSpCdAxnLpqebMLZh6h7vMPk6LYpdqkVHA&s,https://lotus.stingray.com/manifest/cmusic-cme004-montreal/samsungtvplus/master.m3u8,yes,1080p,195,yes,,
970,Stingray Naturescape,Music,Canada,StingrayNaturescape.ca@SD,https://i.imgur.com/882kd90.png,https://lotus.stingray.com/manifest/naturescape-a003-montreal/samsungtvplus/master.m3u8,yes,1080p,195,yes,,
971,Stingray Nothin' But 90s,Music,Canada,StingrayNothinBut90s.ca@SD,https://i.imgur.com/Tq3I0po.png,https://lotus.stingray.com/manifest/ose-142ads-montreal/samsungtvplus/master.m3u8,yes,1080p,195,yes,,
972,Stingray Pop Adult,Music,Canada,StingrayPopAdult.ca@SD,https://i.imgur.com/H2ugC9L.png,https://lotus.stingray.com/manifest/ose-104ads-montreal/samsungtvplus/master.m3u8,yes,1080p,195,yes,,
973,Stingray Remember the 80s,Music,Canada,StingrayEverything80s.ca@SD,https://i.imgur.com/6E3wYrb.png,https://lotus.stingray.com/manifest/ose-128ads-montreal/samsungtvplus/master.m3u8,yes,1080p,195,yes,,
974,Stingray Rock Alternative,Music,Canada,StingrayRockAlternative.ca@SD,https://i.imgur.com/mt8ulVX.png,https://lotus.stingray.com/manifest/ose-102ads-montreal/samsungtvplus/master.m3u8,yes,1080p,195,yes,,
975,Stingray Romance Latino,Music,Canada,StingrayRomanceLatino.ca@SD,https://upload.wikimedia.org/wikipedia/commons/thumb/5/5b/Stingray_Music_logo.svg/960px-Stingray_Music_logo.svg.png,https://lotus.stingray.com/manifest/ose-202ads-montreal/samsungtvplus/master.m3u8,yes,1080p,195,yes,,
976,Stingray Smooth Jazz,Music,Canada,StingraySmoothJazz.ca@SD,https://i.imgur.com/h1DsOzH.png,https://lotus.stingray.com/manifest/ose-140ads-montreal/samsungtvplus/master.m3u8,yes,1080p,195,yes,,
977,Stingray Soul Storm,Music,Canada,StingraySoulStorm.ca@SD,https://i.imgur.com/dU1KC3f.png,https://lotus.stingray.com/manifest/ose-134ads-montreal/samsungtvplus/master.m3u8,yes,1080p,195,yes,,
978,Stingray The Spa,Music,Canada,StingrayTheSpa.ca@SD,https://i.imgur.com/ywAN923.png,https://lotus.stingray.com/manifest/ose-122ads-montreal/samsungtvplus/master.m3u8,yes,1080p,195,yes,,
983,The Country Network,Music,United States,TheCountryNetwork.us@SD,https://upload.wikimedia.org/wikipedia/en/d/dd/The_Country_Network_Logo.png,https://amg00600-amg00600c1-thecountrynetwork-us-5497.playouts.now.amagi.tv/playlist.m3u8,yes,1080p,195,yes,,
986,Vevo 2K,Music,United States,Vevo2K.us@SD,https://images.pluto.tv/channels/5fd7bca3e0a4ee0007a38e8c/featuredImage.jpg,https://d1s6jz7jeei17.cloudfront.net/playlist/amg00056-vevotv-vevo2kau-samsungau/playlist.m3u8,yes,1080p,195,yes,,
987,Vevo 70s,Music,United States,Vevo70s.us@SD,https://images.pluto.tv/channels/5f32f26bcd8aea00071240e5/featuredImage.jpg,https://amg00056-vevotv-vevo70saunz-samsungau-xzszd.amagi.tv/playlist/amg00056-vevotv-vevo70saunz-samsungau/playlist.m3u8,yes,1080p,195,yes,,
988,Vevo 80s,Music,United States,Vevo80s.us@SD,https://images.pluto.tv/channels/5fd7b8bf927e090007685853/featuredImage.jpg,https://amg00056-vevotv-vevo80saunz-samsungau-rp5e3.amagi.tv/playlist/amg00056-vevotv-vevo80saunz-samsungau/playlist.m3u8,yes,1080p,195,yes,,
989,Vevo 90s,Music,United States,Vevo90s.us@SD,https://images.pluto.tv/channels/5fd7bb1f86d94a000796e2c2/featuredImage.jpg,https://amg00056-vevotv-vevo90saunz-samsungau-n6a0d.amagi.tv/playlist/amg00056-vevotv-vevo90saunz-samsungau/playlist.m3u8,yes,1080p,195,yes,,
990,Vevo Country,Music,United States,VevoCountry.us@SD,https://images.pluto.tv/channels/5da0d75e84830900098a1ea0/featuredImage.jpg,https://amg00056-vevotv-vevocountryau-samsungau-ktmqm.amagi.tv/playlist/amg00056-vevotv-vevocountryau-samsungau/playlist.m3u8,yes,1080p,195,yes,,
991,Vevo Hip Hop,Music,United States,VevoHipHop.us@SD,https://i.imgur.com/Lbc9cYw.png,https://d3vgs3ro3x6v8a.cloudfront.net/Vevo_Hip_Hop.m3u8,yes,1080p,195,yes,,
993,Vevo Pop,Music,United States,VevoPop.us@SD,https://i.imgur.com/dZHktKR.png,https://d128y56w6v2kax.cloudfront.net/playlist/amg00056-vevotv-vevopopau-samsungau/playlist.m3u8,yes,1080p,195,yes,,
994,Vevo R&B,Music,United States,VevoRB.us@SD,https://images.pluto.tv/channels/5da0d83f66c9700009b96d0e/featuredImage.jpg,https://d1hf773q57zx9s.cloudfront.net/Vevo_R_B.m3u8,yes,1080p,195,yes,,
995,Vevo Retro Rock,Music,United States,VevoRetroRock.us@SD,https://i.imgur.com/H1Aap4E.png,https://d2lyea6if8kkz9.cloudfront.net/playlist/amg00056-vevotv-vevoretrorockau-samsungau/playlist.m3u8,yes,1080p,195,yes,,
996,XITE 90's Throwback,Music,United States,XITE90sThrowback.us@SD,https://i.imgur.com/vwpOzuz.png,https://d284aawtm5vi48.cloudfront.net/v1/master/3722c60a815c199d9c0ef36c5b73da68a62b09d1/cc-fjdfi2br1jtq7/XITE_90s_Throwback.m3u8,yes,1080p,195,yes,,
